<?xml version="1.0" encoding="UTF-8" standalone="no" ?><CAERep ObjId="66" Type="CAERep" Ver="2"><DSEnvironmentID PropType="int">34</DSEnvironmentID><ExternalProductVersion PropType="string">2023 R2</ExternalProductVersion><Goal PropType="string">RunSolver</Goal><HasBetaKeyOn PropType="bool">false</HasBetaKeyOn><InProcess PropType="bool">true</InProcess><LastDatabaseId PropType="unsigned int">112</LastDatabaseId><NumProcessorsForPost PropType="int">0</NumProcessorsForPost><PID_Legacy_Solve PropType="int">0</PID_Legacy_Solve><PartialCode PropType="int">1</PartialCode><ProductVersion PropType="string">23.2 RELEASE</ProductVersion><ProductVersionForSec PropType="string">23.2</ProductVersionForSec><ProjectName PropType="string">HW1_v2--Steady-State Thermal (A5)</ProjectName><ReturnCode PropType="int">1</ReturnCode><SolveInvokedFromAddin PropType="int">0</SolveInvokedFromAddin><SysvarMap PropType="map&lt;string,string>"><Entry key="DSSolver ProgId">AMKSolver.AMKSolver.232</Entry></SysvarMap><EngineeringRep ObjId="67" Type="EngineeringRep" Ver="2"><BCRep ObjId="70" Type="BCRep" Ver="2"><StepEndTimes PropType="vector&lt;double>" UCat="Time" Unt="s">    1</StepEndTimes><InitialConditionsRep ObjId="37" Type="CAERepBase" Ver="2"><InitialTemperature PropType="double" UCat="Temperature" Unt="degree C">   22</InitialTemperature></InitialConditionsRep><ContactRep ObjId="31" Type="ContactRep" Ver="3"><Behavior PropType="string">ProgramControlled</Behavior><Breakable PropType="string">No</Breakable><Caption PropType="string">Contact Region</Caption><CondensedPartId PropType="int">0</CondensedPartId><DecayConstant PropType="double">    0</DecayConstant><DetectionMethod PropType="string">ProgramControlled</DetectionMethod><DynamicCoefficient PropType="double">    0</DynamicCoefficient><Formulation PropType="string">ProgramControlledContact</Formulation><IsNative PropType="bool">true</IsNative><IsPromoted PropType="bool">false</IsPromoted><MaximumOffset PropType="double" UCat="Length" Unt="m">1e-07</MaximumOffset><Restitution PropType="double">    1</Restitution><Scoping PropType="vector&lt;string>">32,33</Scoping><ScopingSubset0 PropType="vector&lt;string>">32</ScopingSubset0><ScopingSubset1 PropType="vector&lt;string>">33</ScopingSubset1><SmallSliding PropType="string">ProgramControlled</SmallSliding><SourceBodyIds PropType="vector&lt;unsigned int>">26,26,26,26</SourceBodyIds><StaticCoefficient PropType="double">    0</StaticCoefficient><TargetBodyIds PropType="vector&lt;unsigned int>">27,27,27,27</TargetBodyIds><TrimTolerance PropType="double" UCat="Length" Unt="m">0.0008792552773687499</TrimTolerance><TrimType PropType="string">ProgramControlled</TrimType><Type PropType="string">Bonded</Type><UseAutoElasticSlipTolerance PropType="string">ProgramControlled</UseAutoElasticSlipTolerance><SourceReference ObjId="95" Type="CAERepBase" Ver="2"><ReferenceId PropType="unsigned int">6</ReferenceId><ReferenceType PropType="vector&lt;string>">Cylinder,Face</ReferenceType></SourceReference><SourceReference ObjId="96" Type="CAERepBase" Ver="2"><ReferenceId PropType="unsigned int">8</ReferenceId><ReferenceType PropType="vector&lt;string>">Face,Torus</ReferenceType></SourceReference><SourceReference ObjId="97" Type="CAERepBase" Ver="2"><ReferenceId PropType="unsigned int">10</ReferenceId><ReferenceType PropType="vector&lt;string>">Face,Torus</ReferenceType></SourceReference><SourceReference ObjId="98" Type="CAERepBase" Ver="2"><ReferenceId PropType="unsigned int">12</ReferenceId><ReferenceType PropType="vector&lt;string>">Cylinder,Face</ReferenceType></SourceReference><TargetReference ObjId="100" Type="CAERepBase" Ver="2"><ReferenceId PropType="unsigned int">31</ReferenceId><ReferenceType PropType="vector&lt;string>">Face,Torus</ReferenceType></TargetReference><TargetReference ObjId="101" Type="CAERepBase" Ver="2"><ReferenceId PropType="unsigned int">33</ReferenceId><ReferenceType PropType="vector&lt;string>">Face,Torus</ReferenceType></TargetReference><TargetReference ObjId="102" Type="CAERepBase" Ver="2"><ReferenceId PropType="unsigned int">29</ReferenceId><ReferenceType PropType="vector&lt;string>">Cylinder,Face</ReferenceType></TargetReference><TargetReference ObjId="99" Type="CAERepBase" Ver="2"><ReferenceId PropType="unsigned int">35</ReferenceId><ReferenceType PropType="vector&lt;string>">Cylinder,Face</ReferenceType></TargetReference><Pinball ObjId="94" Type="Pinball" Ver="2"><Type PropType="string">ProgramControlled</Type></Pinball><ProgramControlledContact ObjId="93" Type="ProgramControlledContact" Ver="2"><UpdateStiffness PropType="string">Never</UpdateStiffness><UseAutoElectricalConductance PropType="bool">true</UseAutoElectricalConductance><UseAutoNormalStiffness PropType="bool">true</UseAutoNormalStiffness><UseAutoThermalConductance PropType="bool">true</UseAutoThermalConductance></ProgramControlledContact></ContactRep><Convection ObjId="39" Type="Convection" Ver="2"><Caption PropType="string">InnerSurfaceConvection</Caption><ConvectionMatrix PropType="int">0</ConvectionMatrix><HasFluidFlow PropType="bool">false</HasFluidFlow><Scoping PropType="vector&lt;string>">40</Scoping><Type PropType="string">Surface</Type><LoadStep ObjId="103" Type="LoadStep" Ver="2"><ActiveBitmask PropType="vector&lt;int>">63</ActiveBitmask><IsActive PropType="vector&lt;bool>">true</IsActive><Number PropType="vector&lt;int>"/></LoadStep><Magnitude ObjId="104" Type="Table" Ver="2"><StepNumber PropType="vector&lt;int>">1,1</StepNumber><Time PropType="vector&lt;double>" UCat="Time" Unt="s">    0,    1</Time><Values PropType="vector&lt;double>" UCat="Temperature" Unt="degree C">  155,  155</Values></Magnitude><Scalar2 ObjId="105" Type="Table" Ver="2"><StepNumber PropType="vector&lt;int>">1,1</StepNumber><Time PropType="vector&lt;double>" UCat="Time" Unt="s">    0,    1</Time><Values PropType="vector&lt;double>" UCat="FilmCoeff" Unt="W m^-2 degree C^-1">   20,   20</Values></Scalar2></Convection><Convection ObjId="41" Type="Convection" Ver="2"><Caption PropType="string">OuterSurfaceConvection</Caption><ConvectionMatrix PropType="int">0</ConvectionMatrix><HasFluidFlow PropType="bool">false</HasFluidFlow><Scoping PropType="vector&lt;string>">42</Scoping><Type PropType="string">Surface</Type><LoadStep ObjId="106" Type="LoadStep" Ver="2"><ActiveBitmask PropType="vector&lt;int>">63</ActiveBitmask><IsActive PropType="vector&lt;bool>">true</IsActive><Number PropType="vector&lt;int>"/></LoadStep><Magnitude ObjId="107" Type="Table" Ver="2"><StepNumber PropType="vector&lt;int>">1,1</StepNumber><Time PropType="vector&lt;double>" UCat="Time" Unt="s">    0,    1</Time><Values PropType="vector&lt;double>" UCat="Temperature" Unt="degree C">   20,   20</Values></Magnitude><Scalar2 ObjId="108" Type="Table" Ver="2"><StepNumber PropType="vector&lt;int>">1,1</StepNumber><Time PropType="vector&lt;double>" UCat="Time" Unt="s">    0,    1</Time><Values PropType="vector&lt;double>" UCat="FilmCoeff" Unt="W m^-2 degree C^-1">  3.8,  3.8</Values></Scalar2></Convection></BCRep><GeometryAttributes ObjId="68" Type="GeometryAttributes" Ver="2"><AssemblyAttributes ObjId="69" Type="AssemblyAttributes" Ver="2"><ElementOptionControl PropType="string">ProgramControlled</ElementOptionControl><GeometrySource PropType="string">\\andrew.ad.cmu.edu\users\users3\mhakimza\Documents\HW1-AppliedFEA\CurvedPipe_Insulated2.scdoc</GeometrySource><Is2DAnalysis PropType="bool">false</Is2DAnalysis><IsMixedDimension PropType="bool">false</IsMixedDimension><PartAttributes ObjId="21" Type="PartAttributes" Ver="2"><Caption PropType="string">Foam Bodies</Caption><Mass PropType="double" UCat="Mass" Unt="kg">    0</Mass><PartId PropType="unsigned int">3</PartId><BodyAttributes ObjId="22" Type="BodyAttributes" Ver="2"><AreNonLinearEffectsOn PropType="bool">true</AreNonLinearEffectsOn><BoundingBoxDiagonal PropType="double" UCat="Length" Unt="m">0.3517021109475</BoundingBoxDiagonal><Caption PropType="string">Foam\Solid</Caption><ElementCoordSysId PropType="unsigned int">29</ElementCoordSysId><GeometryType PropType="string">Solid</GeometryType><Mass PropType="double" UCat="Mass" Unt="kg">    0</Mass><ProtoReferenceId PropType="unsigned int">26</ProtoReferenceId><StiffnessBehavior PropType="string">Deformable</StiffnessBehavior><ThermalStrainCalculation PropType="bool">true</ThermalStrainCalculation><Centroid ObjId="77" Type="DSGePoint3d" Ver="3"><Coordinates PropType="vector&lt;double>" UCat="Length" Unt="m">1.695472577092719e-06,2.2797719872563e-10,-5.244945184825534e-06</Coordinates></Centroid><MassMomentOfInertia ObjId="76" Type="MassMomentOfInertia" Ver="2"><Ixx PropType="double" UCat="MomentInertiaMass" Unt="kg m^2">    0</Ixx><Iyy PropType="double" UCat="MomentInertiaMass" Unt="kg m^2">    0</Iyy><Izz PropType="double" UCat="MomentInertiaMass" Unt="kg m^2">    0</Izz></MassMomentOfInertia><MaterialRep ObjId="75" Type="MaterialRep" Ver="2"><MaterialName PropType="string">Foam</MaterialName><ReferenceTemperature PropType="double" UCat="Temperature" Unt="Celsius">   22</ReferenceTemperature><RelaxationTemperature PropType="double" UCat="Temperature" Unt="Celsius">    0</RelaxationTemperature><UnitSystem PropType="int">0</UnitSystem><UseReferenceTemperature PropType="bool">false</UseReferenceTemperature><UseRelaxationTemperature PropType="bool">false</UseRelaxationTemperature></MaterialRep></BodyAttributes><Centroid ObjId="78" Type="DSGePoint3d" Ver="3"><Coordinates PropType="vector&lt;double>" UCat="Length" Unt="m">1.695472577092719e-06,2.2797719872563e-10,-5.244945184825534e-06</Coordinates></Centroid><MassMomentOfInertia ObjId="79" Type="MassMomentOfInertia" Ver="2"><Ixx PropType="double" UCat="MomentInertiaMass" Unt="kg m^2">    0</Ixx><Iyy PropType="double" UCat="MomentInertiaMass" Unt="kg m^2">    0</Iyy><Izz PropType="double" UCat="MomentInertiaMass" Unt="kg m^2">    0</Izz><CoordinateSystemRep ObjId="80" Type="CoordinateSystemRep" Ver="3"><Caption PropType="string">Undefined</Caption><CoordSystemIndex PropType="unsigned int">0</CoordSystemIndex><IsGlobal PropType="bool">false</IsGlobal><Param1 PropType="double">    1</Param1><Param2 PropType="double">    1</Param2><Singularity1 PropType="int">0</Singularity1><Singularity2 PropType="int">0</Singularity2><SolverCoordNumber PropType="unsigned int">0</SolverCoordNumber><Type PropType="string">Cartesian</Type><DSGePoint3d ObjId="82" Type="DSGePoint3d" Ver="3"><Coordinates PropType="vector&lt;double>" UCat="Length" Unt="m">1.695472577092719e-06,2.2797719872563e-10,-5.244945184825534e-06</Coordinates></DSGePoint3d><Matrix3X3 ObjId="81" Type="Matrix3X3" Ver="2"><IsOrthogonal PropType="bool">false</IsOrthogonal><Row0 PropType="vector&lt;double>">0.8865269290204456,-5.541983695817611e-11,0.4626769976145105</Row0><Row1 PropType="vector&lt;double>">4.901825033098316e-11,    1,2.585786215432759e-11</Row1><Row2 PropType="vector&lt;double>">-0.4626769976145105,-2.440742352542677e-13,0.8865269290204456</Row2></Matrix3X3></CoordinateSystemRep></MassMomentOfInertia></PartAttributes><PartAttributes ObjId="24" Type="PartAttributes" Ver="2"><Caption PropType="string">CurvedPipe_Insulated2 Bodies</Caption><Mass PropType="double" UCat="Mass" Unt="kg">    0</Mass><PartId PropType="unsigned int">5</PartId><BodyAttributes ObjId="25" Type="BodyAttributes" Ver="2"><AreNonLinearEffectsOn PropType="bool">true</AreNonLinearEffectsOn><BoundingBoxDiagonal PropType="double" UCat="Length" Unt="m">0.3437106543254483</BoundingBoxDiagonal><Caption PropType="string">CurvedPipe_Insulated2\Solid</Caption><ElementCoordSysId PropType="unsigned int">29</ElementCoordSysId><GeometryType PropType="string">Solid</GeometryType><Mass PropType="double" UCat="Mass" Unt="kg">    0</Mass><ProtoReferenceId PropType="unsigned int">27</ProtoReferenceId><StiffnessBehavior PropType="string">Deformable</StiffnessBehavior><ThermalStrainCalculation PropType="bool">true</ThermalStrainCalculation><Centroid ObjId="85" Type="DSGePoint3d" Ver="3"><Coordinates PropType="vector&lt;double>" UCat="Length" Unt="m">1.671236247719717e-06,-1.789992179716871e-07,-6.713742244843089e-06</Coordinates></Centroid><MassMomentOfInertia ObjId="84" Type="MassMomentOfInertia" Ver="2"><Ixx PropType="double" UCat="MomentInertiaMass" Unt="kg m^2">    0</Ixx><Iyy PropType="double" UCat="MomentInertiaMass" Unt="kg m^2">    0</Iyy><Izz PropType="double" UCat="MomentInertiaMass" Unt="kg m^2">    0</Izz></MassMomentOfInertia><MaterialRep ObjId="83" Type="MaterialRep" Ver="2"><MaterialName PropType="string">CastIron</MaterialName><ReferenceTemperature PropType="double" UCat="Temperature" Unt="Celsius">   22</ReferenceTemperature><RelaxationTemperature PropType="double" UCat="Temperature" Unt="Celsius">    0</RelaxationTemperature><UnitSystem PropType="int">0</UnitSystem><UseReferenceTemperature PropType="bool">false</UseReferenceTemperature><UseRelaxationTemperature PropType="bool">false</UseRelaxationTemperature></MaterialRep></BodyAttributes><Centroid ObjId="86" Type="DSGePoint3d" Ver="3"><Coordinates PropType="vector&lt;double>" UCat="Length" Unt="m">1.671236247719717e-06,-1.789992179716871e-07,-6.713742244843089e-06</Coordinates></Centroid><MassMomentOfInertia ObjId="87" Type="MassMomentOfInertia" Ver="2"><Ixx PropType="double" UCat="MomentInertiaMass" Unt="kg m^2">    0</Ixx><Iyy PropType="double" UCat="MomentInertiaMass" Unt="kg m^2">    0</Iyy><Izz PropType="double" UCat="MomentInertiaMass" Unt="kg m^2">    0</Izz><CoordinateSystemRep ObjId="88" Type="CoordinateSystemRep" Ver="3"><Caption PropType="string">Undefined</Caption><CoordSystemIndex PropType="unsigned int">0</CoordSystemIndex><IsGlobal PropType="bool">false</IsGlobal><Param1 PropType="double">    1</Param1><Param2 PropType="double">    1</Param2><Singularity1 PropType="int">0</Singularity1><Singularity2 PropType="int">0</Singularity2><SolverCoordNumber PropType="unsigned int">0</SolverCoordNumber><Type PropType="string">Cartesian</Type><DSGePoint3d ObjId="90" Type="DSGePoint3d" Ver="3"><Coordinates PropType="vector&lt;double>" UCat="Length" Unt="m">1.671236247719717e-06,-1.789992179716871e-07,-6.713742244843089e-06</Coordinates></DSGePoint3d><Matrix3X3 ObjId="89" Type="Matrix3X3" Ver="2"><IsOrthogonal PropType="bool">false</IsOrthogonal><Row0 PropType="vector&lt;double>">0.8961636163860434,-0.0001874330607358897,0.4437237175706709</Row0><Row1 PropType="vector&lt;double>">0.0001671053717464661,0.9999999824325223,8.491613517439547e-05</Row1><Row2 PropType="vector&lt;double>">-0.4437237256916554,-1.950134010041464e-06,0.8961636319637801</Row2></Matrix3X3></CoordinateSystemRep></MassMomentOfInertia></PartAttributes></AssemblyAttributes></GeometryAttributes><ServiceRep ObjId="71" Type="ServiceRep" Ver="2"><CoordinateSystemRep ObjId="29" Type="CoordinateSystemRep" Ver="3"><Caption PropType="string">Global Coordinate System</Caption><CoordSystemIndex PropType="unsigned int">0</CoordSystemIndex><IsGlobal PropType="bool">true</IsGlobal><Param1 PropType="double">    1</Param1><Param2 PropType="double">    1</Param2><Singularity1 PropType="int">0</Singularity1><Singularity2 PropType="int">0</Singularity2><SolverCoordNumber PropType="int">0</SolverCoordNumber><Type PropType="string">Cartesian</Type><DSGePoint3d ObjId="92" Type="DSGePoint3d" Ver="3"><Coordinates PropType="vector&lt;double>" UCat="Length" Unt="m">    0,    0,    0</Coordinates></DSGePoint3d><Matrix3X3 ObjId="91" Type="Matrix3X3" Ver="2"><IsOrthogonal PropType="bool">false</IsOrthogonal><Row0 PropType="vector&lt;double>">    1,    0,    0</Row0><Row1 PropType="vector&lt;double>">    0,    1,    0</Row1><Row2 PropType="vector&lt;double>">    0,    0,    1</Row2></Matrix3X3></CoordinateSystemRep></ServiceRep></EngineeringRep><GeometryRep ObjId="74" Type="GeometryRep" Ver="2"><ActiveAssembly PropType="unsigned int">1</ActiveAssembly><PartsAssembly PropType="string">0000000002CAB028</PartsAssembly><Units PropType="string">m</Units></GeometryRep><MaterialLibraryRep ObjId="73" Type="MaterialLibraryRep" Ver="2"><FileName PropType="string">MatML.xml</FileName></MaterialLibraryRep><MeshRep ObjId="72" Type="MeshRep" Ver="2"><AssemblyMesh PropType="string">000000003D279408</AssemblyMesh><Configuration PropType="unsigned int">64</Configuration><IndependentMesh PropType="string">IndependentMesh.bin</IndependentMesh><RigidBodyBehavior PropType="string">DimensionallyReduced</RigidBodyBehavior><Units PropType="string">m</Units></MeshRep><SolverRep ObjId="109" Type="SolverRep" Ver="2"><AnalysisType PropType="string">Static</AnalysisType><PhysicsType PropType="string">Thermal</PhysicsType><SolverTargetName PropType="string">ANSYS</SolverTargetName><SolverUnits PropType="int">11</SolverUnits><UnknownPointerId PropType="string">00000000084CC650</UnknownPointerId><ResultProbes ObjId="112" Type="CAERepBase" Ver="2"><Reaction ObjId="47" Type="ResultProbe" Ver="2"><BoundaryConditionId PropType="int">41</BoundaryConditionId><Caption PropType="string">Reaction Probe</Caption><DisplayTime PropType="double" UCat="Time" Unt="s">    0</DisplayTime></Reaction></ResultProbes><FEConnectorsRep ObjId="36" Type="FEConnectorsRep" Ver="2"><StepSelection PropType="int">0</StepSelection></FEConnectorsRep><FileManagementRep ObjId="111" Type="FileManagementRep" Ver="2"><DeleteUnneededFiles PropType="bool">true</DeleteUnneededFiles><SolverFileDirectory PropType="string"/><SolverFileRelativeDirectory PropType="string"/></FileManagementRep><ProcessControls ObjId="110" Type="ProcessControls" Ver="2"><DistributedSolve PropType="bool">true</DistributedSolve><IsLocal PropType="bool">true</IsLocal><IsRSMSolve PropType="bool">false</IsRSMSolve><ManualMemorySettings PropType="bool">false</ManualMemorySettings><MaxProcessors PropType="int">4</MaxProcessors></ProcessControls><AnalysisSettings CAEType="extObj"><StaticThermalSettings version="1.0"><StepControls version="1.0"><EndTime>1.</EndTime><TimeStepOptions version="1.0"><AutoTimeSteppingType>ProgramControlled</AutoTimeSteppingType></TimeStepOptions><NonlinearControls version="1.0"><Heat><ProgramControlled/></Heat><Temperature><ProgramControlled/></Temperature><LineSearch>ProgramControlled</LineSearch></NonlinearControls><OutputControls version="1.0"><Contact>false</Contact><ThermalFlux>true</ThermalFlux><TimePointsOptions>All</TimePointsOptions><MaxNumberofResultSets>1000</MaxNumberofResultSets><GeneralMisc>false</GeneralMisc><HeatGenerationRate>false</HeatGenerationRate><ElementContactData>true</ElementContactData><ElementEulerAngles>true</ElementEulerAngles><ElementEnergies>true</ElementEnergies><ElementEnergies>true</ElementEnergies><ResultSetsType>Auto</ResultSetsType><CacheResultsInMemoryType>Never</CacheResultsInMemoryType><StoreModalResult>ProgramControlled</StoreModalResult><ExpandResultFrom>ProgramControlled</ExpandResultFrom><ProgControlledExpansion>Unknown</ProgControlledExpansion><NodalForcesType>No</NodalForcesType><CalculateParticipationFactorResult>ProgramControlled</CalculateParticipationFactorResult><CombineResultFiles>ProgramControlled</CombineResultFiles><ResultFileCompression>ProgramControlled</ResultFileCompression><TimePointsOptions>All</TimePointsOptions><ResultSets></ResultSets></OutputControls><CreepControls version="1.0"><CreepActivation/><CreepLimitRatio>1.</CreepLimitRatio></CreepControls><NonlinearAdaptivityControls version="3.0"><NLADHasMesh>0.</NLADHasMesh><NLADRefinementAlgorithm>0.</NLADRefinementAlgorithm><NLADRemeshingGradient>3.</NLADRemeshingGradient><NLADNumSculptedLayers>2.</NLADNumSculptedLayers><NLADNumSculptedLayersVal2>2.</NLADNumSculptedLayersVal2><NLADBoundaryAngle>15.</NLADBoundaryAngle><NLADRemeshingTolerance>5.e-002</NLADRemeshingTolerance><NLADRemeshingToleranceVal2>0.5</NLADRemeshingToleranceVal2><NLADGlobalSizeRatio>1.</NLADGlobalSizeRatio><NLADGlobalSizeRatioVal2>0.75</NLADGlobalSizeRatioVal2><NLADEdgeSplitAngle>10.</NLADEdgeSplitAngle><NLADLocalSizeRatio>1.</NLADLocalSizeRatio><NLADAggressiveRemeshing>0.</NLADAggressiveRemeshing><NLADProjectToGeometry>0.</NLADProjectToGeometry><MinimumElementSize>0.</MinimumElementSize></NonlinearAdaptivityControls><LoadCaseIdentifier></LoadCaseIdentifier></StepControls><SolverControls version="1.0"><SolverType><ProgramControlled/></SolverType><SolverPivotChecking>ProgramControlled</SolverPivotChecking><ContactSplit><ProgramControlled/></ContactSplit><EnablesCatCoupling>false</EnablesCatCoupling></SolverControls><SolverFileControls version="1.0"><SolverEngineType>ANSYS</SolverEngineType><SolverUnits>11</SolverUnits><SolverFilesDirectory>W:\Documents\HW1-AppliedFEA\HW1_v2_files\dp0\SYS\MECH\</SolverFilesDirectory><SolverJobname>file</SolverJobname><ScratchSolverFilesDirectory>W:\Documents\HW1-AppliedFEA\_ProjectScratch\Scr029B\</ScratchSolverFilesDirectory><AdditionalList></AdditionalList><SaveANSYSDB>false</SaveANSYSDB><ContactSummary>kAnalysisSettingsContactSummaryProgramControlled</ContactSummary><DeleteUnusedFiles>true</DeleteUnusedFiles><ResultFile>file.rth</ResultFile></SolverFileControls><RadiosityControls version="1.0"><Activation><Value>0</Value></Activation><FluxConvergence><Value>1.e-004</Value></FluxConvergence><MaxIteration><Value>1000</Value></MaxIteration><RadiosityTolerance><Value>0.1</Value></RadiosityTolerance><RadiosityRelaxation><Value>0.1</Value></RadiosityRelaxation><HemicubeResolution><Value>10</Value></HemicubeResolution><NumDivisions><Value>20</Value></NumDivisions><ViewHidden><Value>0</Value></ViewHidden><NumberZones><Value>200</Value></NumberZones></RadiosityControls><FractureControls version="1.0"><FractureSolverControls><HasSMARTCrackGrowth>false</HasSMARTCrackGrowth></FractureSolverControls></FractureControls></StaticThermalSettings></AnalysisSettings></SolverRep></CAERep>